dataset_idx,timestamp,policy,any_anomaly,h24,h48,h168,h336,prob_24,prob_48,prob_168,prob_336,recon_error
347,2024-05-27 06:34:05,24HDSHFNPATY5CKJ,1.0,1.0,1.0,1.0,1.0,0.44782263,0.41536087,0.3032512,0.38017008,0.0009054384
1174,2024-09-02 00:46:55,24LTQMRA5725FRX6,1.0,1.0,1.0,1.0,1.0,0.41922072,0.3922453,0.33279106,0.3730683,0.0013975583
1971,2024-09-27 08:59:58,257GICEG3Y46QRZK,1.0,1.0,1.0,1.0,1.0,0.46746796,0.40681103,0.35966933,0.40486485,0.001094852
530,2024-05-24 17:28:43,25T5YMLAQEQ77HPB,1.0,1.0,1.0,1.0,1.0,0.47054273,0.406278,0.356238,0.40137067,0.0010674488
1675,2024-08-01 07:26:27,25T5YMLAQEQ77HPB,1.0,1.0,1.0,1.0,1.0,0.45457476,0.4020621,0.3267543,0.41785517,0.0008355315
837,2024-04-18 21:00:46,263GUPYNED3GR7XO,1.0,1.0,1.0,1.0,1.0,0.43668976,0.38602862,0.3565302,0.4104151,0.0011442972
1313,2024-10-31 12:56:52,26L2DRWXBMKRDB6V,1.0,1.0,1.0,1.0,1.0,0.4569414,0.40222645,0.33361432,0.4130188,0.0010081193
1857,2024-07-30 14:00:00,2DPR4BV4WWLJKOXJ,1.0,1.0,1.0,1.0,1.0,0.40649462,0.3851554,0.3033454,0.39969072,0.0012734475
1127,2024-11-20 17:08:08,2FV6MYBME7S75BWQ,1.0,1.0,1.0,1.0,1.0,0.44275963,0.3944537,0.3013057,0.42416176,0.0008128785
22,2024-11-28 22:08:26,2FV6MYBME7S75BWQ,1.0,1.0,1.0,1.0,1.0,0.4289728,0.38288984,0.36661568,0.41110012,0.0014642146
1186,2024-08-04 02:57:23,2KKUFZ45J7IWUWJ6,1.0,1.0,1.0,1.0,1.0,0.4663339,0.40475914,0.34193286,0.37927184,0.001137679
1287,2024-12-07 14:00:00,2MCMB2Q33AQ3LQHA,1.0,1.0,1.0,1.0,1.0,0.44573548,0.4052088,0.3863543,0.3679118,0.0019390247
924,2024-07-24 14:04:54,2PQACKH4VV6LNA4Q,1.0,1.0,1.0,1.0,1.0,0.44411522,0.3985289,0.29973802,0.41907233,0.0007983222
1364,2024-10-23 03:44:10,2QENZP3TZMI7FABG,1.0,1.0,1.0,1.0,1.0,0.44950956,0.4016632,0.3365668,0.4268612,0.0008339682
616,2024-09-26 07:14:40,2SQUNRP7ORM4LQQS,1.0,1.0,1.0,1.0,1.0,0.4610667,0.40253082,0.38112482,0.39864263,0.0019018883
1101,2024-03-30 07:28:32,2TEAA6HAWTPZDBWS,1.0,1.0,1.0,1.0,1.0,0.47663292,0.41566184,0.36010906,0.38436937,0.0012691336
856,2024-11-18 16:31:57,32K5KDFA4K3Y5S5Y,1.0,1.0,1.0,1.0,1.0,0.41249627,0.3917024,0.3092523,0.3922582,0.00078686577
206,2024-09-15 04:00:00,366OFQGIITUWXO2O,1.0,1.0,1.0,1.0,1.0,0.43139678,0.39364654,0.37944,0.35755244,0.001684336
106,2024-02-14 12:00:21,36X3GHCKHU54NG3X,1.0,1.0,1.0,1.0,1.0,0.4243406,0.38888192,0.31467482,0.40872633,0.0009915167
422,2024-04-28 23:22:37,3HYZFECUJ3NEAKST,1.0,1.0,1.0,1.0,1.0,0.42954037,0.4020738,0.32349956,0.37133527,0.0012002949
120,2024-10-24 17:49:37,3K3NAHPZGBJODPD2,1.0,1.0,1.0,1.0,1.0,0.45670313,0.3984008,0.33526105,0.41564628,0.0007849769
418,2024-08-15 12:42:26,3MLDBWQT4ZMUUL5K,1.0,1.0,1.0,1.0,1.0,0.45936418,0.40428546,0.3313613,0.41395828,0.00089192315
787,2024-08-23 09:29:22,3NB7KJXO2RRS3GPX,1.0,1.0,1.0,1.0,1.0,0.4634787,0.4064197,0.36545047,0.39877102,0.0013816511
336,2024-03-09 14:38:51,3UX4FGYOUREZXW26,1.0,1.0,1.0,1.0,1.0,0.46807376,0.4133649,0.36212236,0.38095152,0.0015459455
355,2024-06-09 02:16:08,3XZACVSD6BV476DQ,1.0,1.0,1.0,1.0,1.0,0.46776512,0.40663734,0.33953267,0.37989378,0.0010884985
1977,2024-11-19 21:00:00,42FOUGDSUWOBQH32,1.0,1.0,1.0,1.0,1.0,0.38024682,0.3628089,0.3227642,0.4051199,0.0012374494
237,2024-09-05 05:59:30,44TKQQTK7CZUXRO4,1.0,1.0,1.0,1.0,1.0,0.44982556,0.39798474,0.3239697,0.42007488,0.0008355568
990,2024-05-21 23:00:01,44VNBV3LEJBKC6QE,1.0,1.0,1.0,1.0,1.0,0.42646077,0.39490294,0.28505751,0.4233222,0.0008353805
817,2024-12-15 03:56:00,45FSMWSGTVARSEXT,1.0,1.0,1.0,1.0,1.0,0.46801713,0.40884572,0.33886778,0.37844825,0.0010741409
571,2024-02-19 14:00:00,4B7HMFOPVIILNKC4,1.0,1.0,1.0,1.0,1.0,0.41877,0.40069446,0.30913302,0.3891907,0.0011766073
452,2024-06-27 00:59:57,4F5JWO5GNQUXPTH6,1.0,1.0,1.0,1.0,1.0,0.44208804,0.39176586,0.31481618,0.42812842,0.00083572505
211,2024-07-16 22:00:19,4GCT3UE5WEKLS5N4,1.0,1.0,1.0,1.0,1.0,0.42473048,0.39111516,0.28478414,0.42513072,0.0008038507
1404,2024-05-18 10:44:02,4KHB5XXRAEFXIUD6,1.0,1.0,1.0,1.0,1.0,0.47900814,0.41908932,0.35854763,0.3849727,0.0013148932
260,2024-05-24 05:43:59,4KHB5XXRAEFXIUD6,1.0,1.0,1.0,1.0,1.0,0.45943737,0.39827242,0.35843655,0.40818945,0.0009089231
824,2024-04-27 04:33:31,4MWUZLJGMMBMHTPJ,1.0,1.0,1.0,1.0,1.0,0.4415405,0.4013217,0.39367297,0.36637762,0.0021222036
161,2024-11-21 06:00:18,4N6O57QNEWQ26RUU,1.0,1.0,1.0,1.0,1.0,0.45080042,0.3993413,0.3268919,0.41755366,0.0008412303
1949,2024-03-07 18:41:14,4NSF35DZ237ABIY2,1.0,1.0,1.0,1.0,1.0,0.4199566,0.37957072,0.36987233,0.40596718,0.0013047669
249,2024-06-30 15:13:48,4PTZLIHGDZUAYJUD,1.0,1.0,1.0,1.0,1.0,0.46745983,0.41856095,0.32529914,0.38005185,0.0011226141
704,2024-06-06 00:15:58,4YZNKRGM6OWYTOU6,1.0,1.0,1.0,1.0,1.0,0.43386593,0.38537744,0.32177612,0.4254701,0.0008499659
747,2024-11-12 15:00:00,4ZIMHXV646VYLLEG,1.0,1.0,1.0,1.0,1.0,0.39778176,0.3723461,0.3068225,0.40547565,0.0012722538
1338,2024-08-03 00:18:09,4ZZDIY46KQHKKB6X,1.0,1.0,1.0,1.0,1.0,0.45328096,0.41226783,0.31942257,0.38798177,0.0013766891
1141,2024-08-03 09:18:07,4ZZDIY46KQHKKB6X,1.0,1.0,1.0,1.0,1.0,0.46774364,0.43654898,0.31728885,0.3712633,0.0012488636
1078,2024-03-24 11:20:44,5B6ETLSREVNZUZ7Z,1.0,1.0,1.0,1.0,1.0,0.45199385,0.42507833,0.29577735,0.38518205,0.0010738389
997,2024-04-10 00:00:00,5B6ETLSREVNZUZ7Z,1.0,1.0,1.0,1.0,1.0,0.44245702,0.3985803,0.3333749,0.4313512,0.001049073
634,2024-10-12 03:31:44,5D6CXXB32DRQPYB7,1.0,1.0,1.0,1.0,1.0,0.46978533,0.4032338,0.35803378,0.3915406,0.0010763778
354,2024-04-26 21:00:00,5F7KBL32VEUDUYDN,1.0,1.0,1.0,1.0,1.0,0.45568368,0.39090854,0.37342644,0.39400345,0.0015287887
1690,2024-03-12 02:11:13,5HUAMGSKT4P2K36D,1.0,1.0,1.0,1.0,1.0,0.43622833,0.4082136,0.29665163,0.42544293,0.0009553943
1397,2024-11-07 08:09:03,5LUPGH5ZVLZRJH6W,1.0,1.0,1.0,1.0,1.0,0.4560973,0.40326434,0.3280844,0.41642088,0.00085920224
652,2024-11-09 18:09:03,5LUPGH5ZVLZRJH6W,1.0,1.0,1.0,1.0,1.0,0.47583923,0.4126323,0.3478335,0.3856,0.001204519
1670,2024-04-29 17:39:53,5MKB27XGVEBOGFAT,1.0,1.0,1.0,1.0,1.0,0.42600268,0.40320635,0.2968308,0.39621437,0.0008119538
195,2024-06-07 08:11:29,5MRFXWFFWBHXHVOH,1.0,1.0,1.0,1.0,1.0,0.48203686,0.4214671,0.35286984,0.38313928,0.0015211352
1080,2024-03-15 21:54:07,5OJFHH2J3G6YNYM5,1.0,1.0,1.0,1.0,1.0,0.46328864,0.41509482,0.3275191,0.38856015,0.0013445826
13,2024-11-16 02:00:00,5POZCSY7PYKOIX7Z,1.0,1.0,1.0,1.0,1.0,0.46330583,0.3989975,0.36241606,0.39137277,0.0011534456
421,2024-03-30 00:00:00,5QNTZTQQIGXJW464,1.0,1.0,1.0,1.0,1.0,0.46825048,0.3959385,0.36038488,0.39573807,0.0012282869
721,2024-10-02 11:00:00,5RMLHLMN7PXT657N,1.0,1.0,1.0,1.0,1.0,0.4533185,0.4094814,0.3658602,0.41055173,0.0019953656
936,2024-04-23 15:00:00,5VMLTIS6G6HN55NN,1.0,1.0,1.0,1.0,1.0,0.39979282,0.37490538,0.31158888,0.3952328,0.0024218683
1508,2024-03-08 19:31:44,5Z53VGO4FFSIUMSE,1.0,1.0,1.0,1.0,1.0,0.4594875,0.3940838,0.36705038,0.40085417,0.0012487507
1537,2024-06-18 03:40:24,64DDSPJ6O25RAUGC,1.0,1.0,1.0,1.0,1.0,0.41183448,0.39623398,0.29374638,0.39686257,0.00093709317
581,2024-12-01 15:01:30,67STEDJG54PAKVMS,1.0,1.0,1.0,1.0,1.0,0.4550303,0.41200614,0.3379049,0.37479934,0.0012921452
1873,2024-09-02 20:48:21,6B52IV4CNIF5C5TZ,1.0,1.0,1.0,1.0,1.0,0.42678657,0.40121046,0.28912163,0.40363014,0.00069083663
1513,2024-03-21 10:06:32,6HR3BE4JKYOBVEZR,1.0,1.0,1.0,1.0,1.0,0.45358068,0.40273157,0.33361146,0.41377908,0.0009763068
572,2024-06-29 14:00:09,6KABS5Q5Z6M7IASA,1.0,1.0,1.0,1.0,1.0,0.47881395,0.4184034,0.35395706,0.3839213,0.0013868174
986,2024-08-01 16:06:26,6LCP736YG4HONQAE,1.0,1.0,1.0,1.0,1.0,0.45659366,0.39887977,0.33552092,0.41415554,0.0008354825
917,2024-09-19 12:00:00,6M4GMG7YAO4WQIWT,1.0,1.0,1.0,1.0,1.0,0.4374611,0.3902821,0.35093197,0.4064975,0.0010676613
215,2024-03-12 22:57:11,6OHHOI2V365ZO3CG,1.0,1.0,1.0,1.0,1.0,0.40732154,0.38203755,0.2965474,0.41773644,0.0009585632
623,2024-11-09 02:00:56,6TGP3P2XDSJ2NAT2,1.0,1.0,1.0,1.0,1.0,0.46325025,0.39874324,0.36260042,0.39163116,0.0011383155
1702,2024-08-03 16:52:53,6UA3DSBJEHSWEQCC,1.0,1.0,1.0,1.0,1.0,0.47828466,0.4164687,0.35006464,0.38528243,0.0013024316
1228,2024-06-05 14:35:13,6UO6SAYSWYKHKI3S,1.0,1.0,1.0,1.0,1.0,0.44604146,0.39995822,0.2984117,0.41933274,0.0007925379
1599,2024-03-13 20:00:00,6UTIZHNT2VLJ6PDA,1.0,1.0,1.0,1.0,1.0,0.41351312,0.37664878,0.3267478,0.41832918,0.0011675067
1269,2024-05-03 01:17:58,6UTIZHNT2VLJ6PDA,1.0,1.0,1.0,1.0,1.0,0.43663895,0.38188577,0.3687018,0.4087426,0.0010974213
1402,2024-08-14 11:59:18,6X4OX7V4R7ID4USS,1.0,1.0,1.0,1.0,1.0,0.47189906,0.4193312,0.35089758,0.41806713,0.0015813352
773,2024-08-18 01:59:18,6X4OX7V4R7ID4USS,1.0,1.0,1.0,1.0,1.0,0.4278936,0.40849367,0.2985841,0.39343947,0.00074804743
1037,2024-04-09 20:16:18,6Y4SYWQKZOULISKK,1.0,1.0,1.0,1.0,1.0,0.42037725,0.38745248,0.28696677,0.4204601,0.0009076068
510,2024-09-02 00:45:18,6YI73VWMEIFWTL6Q,1.0,1.0,1.0,1.0,1.0,0.4458913,0.40535134,0.3090968,0.386214,0.0010000424
1165,2024-05-16 18:46:41,72LEKKHJZHA4JDXR,1.0,1.0,1.0,1.0,1.0,0.45196354,0.39517713,0.34010512,0.4148762,0.00083020836
931,2024-10-02 14:37:39,755LZORRSLLZRIM3,1.0,1.0,1.0,1.0,1.0,0.4460453,0.39996094,0.29840595,0.41932675,0.00079245714
736,2024-09-19 00:00:08,7AUIPLCBWGFRVMDZ,1.0,1.0,1.0,1.0,1.0,0.44098735,0.39112708,0.31512523,0.42686033,0.00085511175
556,2024-04-22 08:59:29,7EUCXMVTBLNW6AUT,1.0,1.0,1.0,1.0,1.0,0.4433563,0.4140951,0.3047686,0.38144296,0.00091018045
1145,2024-08-03 11:43:32,7FXLJMEREKFWEQGE,1.0,1.0,1.0,1.0,1.0,0.46911588,0.43822426,0.31565118,0.37259498,0.0010576603
786,2024-06-02 15:58:32,7L5OSXXAGJ6BVEDP,1.0,1.0,1.0,1.0,1.0,0.4627963,0.41722956,0.3291489,0.37682,0.0011481721
1823,2024-03-20 06:00:12,7LBYGJSUOWQ6TM77,1.0,1.0,1.0,1.0,1.0,0.42741555,0.39526322,0.30157202,0.4089657,0.000894997
1669,2024-10-31 22:00:55,7R6LAZAZKBBRMIKR,1.0,1.0,1.0,1.0,1.0,0.4351968,0.3856334,0.36054137,0.41610357,0.0010106157
1042,2024-09-05 00:04:32,7U56GP2JMNBN3IFF,1.0,1.0,1.0,1.0,1.0,0.44105282,0.39033687,0.3158842,0.42858,0.0008302354
1933,2024-07-16 00:00:00,7VAGODGAAYNV2TEI,1.0,1.0,1.0,1.0,1.0,0.4132155,0.39803675,0.28847772,0.40345293,0.00080351724
123,2024-08-31 15:59:42,A5CCQQFXES3CQHDR,1.0,1.0,1.0,1.0,1.0,0.4628364,0.4312559,0.31195772,0.37632686,0.00083068816
744,2024-04-28 18:59:42,A5H6QSQUWW5UCAL3,1.0,1.0,1.0,1.0,1.0,0.4603126,0.41186503,0.3218795,0.38223574,0.0010653767
1252,2024-03-08 00:00:00,AMJ4P7U7VU3C4F5N,1.0,1.0,1.0,1.0,1.0,0.41762277,0.37614095,0.38619828,0.40095526,0.0015510186
1361,2024-07-25 02:00:00,ARU3UU6YAL7A4A4Q,1.0,1.0,1.0,1.0,1.0,0.43584242,0.39284897,0.33572206,0.41193783,0.0011529803
308,2024-05-07 21:00:34,ATVHATU64ESWYI3M,1.0,1.0,1.0,1.0,1.0,0.41829637,0.38556573,0.28781712,0.4204028,0.00093296316
792,2024-05-27 05:55:58,AUSSNLKTWYDZQMCH,1.0,1.0,1.0,1.0,1.0,0.43741846,0.40514788,0.3139676,0.37927216,0.0011146299
812,2024-03-26 18:32:31,AW2CMV5PTG2JHMDG,1.0,1.0,1.0,1.0,1.0,0.41644004,0.38798434,0.2905212,0.42042926,0.0009198132
1588,2024-04-18 07:58:35,AWIN2WUTCCS37BWY,1.0,1.0,1.0,1.0,1.0,0.45121846,0.4002805,0.32936293,0.4145315,0.0008745186
1128,2024-05-28 21:17:44,AWYRDACRGGBY7EZP,1.0,1.0,1.0,1.0,1.0,0.44453856,0.4055179,0.3180673,0.43084347,0.00091579073
673,2024-07-21 17:15:14,AYZEQA7T55QOXT7F,1.0,1.0,1.0,1.0,1.0,0.45270348,0.4104846,0.32993957,0.37552357,0.0011439947
1637,2024-05-14 05:00:32,B2GBE7Z4FPMY7HE7,1.0,1.0,1.0,1.0,1.0,0.39698893,0.38862905,0.30671385,0.3900356,0.0010898992
1115,2024-08-27 17:47:03,B2MPO6PBZKTZVSOB,1.0,1.0,1.0,1.0,1.0,0.39401606,0.37277526,0.3101465,0.40588215,0.0012545683
1149,2024-05-13 17:00:06,B45KRO4QFYGSYBTX,1.0,1.0,1.0,1.0,1.0,0.4095046,0.39195016,0.31434074,0.38482472,0.00091648696
459,2024-05-03 10:32:04,BAGKNDW4UYJOPQ6M,1.0,1.0,1.0,1.0,1.0,0.4637115,0.40303272,0.3685758,0.39450532,0.0013248231
1552,2024-05-05 04:00:03,BBYPWG7AWP3XT2YJ,1.0,1.0,1.0,1.0,1.0,0.46385437,0.40895277,0.34178147,0.37577698,0.0011253752
316,2024-03-23 05:00:47,BS52PZUWHMNWLUVM,1.0,1.0,1.0,1.0,1.0,0.46102986,0.40336576,0.36949193,0.38119683,0.0015256774
782,2024-04-07 10:00:00,BXXIY72CWOMVORD7,1.0,1.0,1.0,1.0,1.0,0.43858874,0.40365642,0.36055478,0.36138964,0.0015365353
410,2024-09-18 08:00:00,C4ZHFMKP3DLZOZ45,1.0,1.0,1.0,1.0,1.0,0.3996551,0.37946144,0.3322546,0.39648172,0.0011806422
996,2024-08-03 08:59:27,C6SHZGM37SKRPT34,1.0,1.0,1.0,1.0,1.0,0.47695944,0.41624397,0.35970202,0.38554502,0.0012381101
1417,2024-06-27 18:40:23,CEV6IO34QK6EASCJ,1.0,1.0,1.0,1.0,1.0,0.4558471,0.39718926,0.33659703,0.41798243,0.0007615794
239,2024-02-18 15:09:22,CGASK3NYDKMWVR5X,1.0,1.0,1.0,1.0,1.0,0.45848566,0.41180134,0.33544144,0.37467644,0.0012859189
93,2024-07-19 02:04:38,CJ3FFXEHZG2HF447,1.0,1.0,1.0,1.0,1.0,0.4500099,0.3896671,0.35778925,0.41464204,0.000822328
1444,2024-03-22 03:00:00,CQZNOFO37TOA4CWA,1.0,1.0,1.0,1.0,1.0,0.4178903,0.3784764,0.39348555,0.39438698,0.0014159452
156,2024-11-06 22:00:00,CRSREDCB6NELBOJS,1.0,1.0,1.0,1.0,1.0,0.40259075,0.36971068,0.34205508,0.41618383,0.0011340963
1240,2024-05-18 07:32:28,CSDXI5CLQ4B33SLU,1.0,1.0,1.0,1.0,1.0,0.45177388,0.43154445,0.33231428,0.3607264,0.0015257748
87,2024-05-23 11:32:12,CSDXI5CLQ4B33SLU,1.0,1.0,1.0,1.0,1.0,0.45612794,0.40802297,0.3924553,0.39154607,0.0025897918
1453,2024-05-27 02:00:00,CSDXI5CLQ4B33SLU,1.0,1.0,1.0,1.0,1.0,0.42772606,0.40307087,0.29956213,0.3965446,0.000728527
1270,2024-11-04 13:00:15,CX522U3EWGQNWEWK,1.0,1.0,1.0,1.0,1.0,0.44406077,0.41459554,0.29657745,0.38989595,0.0007042223
1006,2024-06-28 05:50:00,CYGJ7X4BNHO6WCBT,1.0,1.0,1.0,1.0,1.0,0.46036354,0.39893633,0.35807565,0.40812632,0.0009265588
1916,2024-09-15 18:03:33,D7DGXVAWWWUD2M3A,1.0,1.0,1.0,1.0,1.0,0.4577232,0.4105808,0.3242343,0.38197145,0.0010640093
1214,2024-04-09 13:00:07,DCPIZF7XP7NHQBVV,1.0,1.0,1.0,1.0,1.0,0.426211,0.39812317,0.28748605,0.40518993,0.0010985421
858,2024-09-07 11:00:00,DF4FZDAZK332UHHX,1.0,1.0,1.0,1.0,1.0,0.47357553,0.415088,0.3622935,0.3810565,0.0014655269
1188,2024-04-20 19:21:17,DFZF2PDRZZ5SFQWX,1.0,1.0,1.0,1.0,1.0,0.47135046,0.40759656,0.34807393,0.3854036,0.0011525756
193,2024-06-14 04:16:39,DH5QEFMKTA5WLB7X,1.0,1.0,1.0,1.0,1.0,0.45785245,0.39557567,0.35682803,0.41044694,0.0008481921
1704,2024-02-29 01:36:24,DIPWVNSTJF5AMH3R,1.0,1.0,1.0,1.0,1.0,0.4427681,0.39588463,0.32630852,0.41688892,0.0009791706
1603,2024-11-18 08:59:56,DIS5ZAKJQRY3J44K,1.0,1.0,1.0,1.0,1.0,0.43880445,0.41147703,0.30820632,0.37849584,0.0009004311
1807,2024-08-15 06:52:44,DK3OUYC4XZ6SGSCA,1.0,1.0,1.0,1.0,1.0,0.45278606,0.40043068,0.32521865,0.41956675,0.00081923546
109,2024-11-23 21:59:10,DRVWHBPRDZ4ANYMA,1.0,1.0,1.0,1.0,1.0,0.43743172,0.40775952,0.3060642,0.3867734,0.00065060466
1563,2024-08-15 14:00:00,DUKKPLVBTETDVUUE,1.0,1.0,1.0,1.0,1.0,0.44093424,0.39280143,0.348407,0.40468627,0.0010036834
589,2024-09-12 22:31:43,DWMVPJEYDHZRTX3F,1.0,1.0,1.0,1.0,1.0,0.4532182,0.391472,0.34621122,0.4207546,0.0008267821
633,2024-05-02 13:00:00,DYC2CDBCZRCPQSYD,1.0,1.0,1.0,1.0,1.0,0.45088747,0.39584708,0.33995697,0.41317624,0.0010128684
480,2024-07-26 20:00:00,E2XS4IVITFMQCUG5,1.0,1.0,1.0,1.0,1.0,0.46345285,0.39775163,0.36109897,0.40093893,0.0011259759
1168,2024-08-04 10:26:36,E2XS4IVITFMQCUG5,1.0,1.0,1.0,1.0,1.0,0.47219983,0.42180723,0.33360705,0.3755248,0.0011461392
1237,2024-06-30 23:04:46,E35EMX7XFL5ZQPWK,1.0,1.0,1.0,1.0,1.0,0.44727328,0.40530792,0.31015304,0.38622627,0.0010376759
326,2024-09-22 17:00:27,E4N6PLQ5Q6WPNRVA,1.0,1.0,1.0,1.0,1.0,0.46356103,0.415019,0.32205912,0.3819572,0.0010785399
1138,2024-08-31 12:00:00,EBWLYV6WQ25F3J3R,1.0,1.0,1.0,1.0,1.0,0.4435179,0.40478942,0.3947178,0.364558,0.0020812158
1234,2024-06-02 10:30:22,EVU7U47NDH7QDYNZ,1.0,0.0,0.0,1.0,1.0,0.47105995,0.42113376,0.33319375,0.37520194,0.0011368642
1813,2024-08-08 23:00:00,EWFD7E43VBOKJMHV,1.0,1.0,1.0,1.0,1.0,0.4225669,0.37996283,0.3781723,0.40592602,0.0013973648
371,2024-09-25 14:00:00,F23DWBVRSJGCANTJ,1.0,1.0,1.0,1.0,1.0,0.40281954,0.37386277,0.33522522,0.40304315,0.0028546827
171,2024-10-04 13:00:00,F2A7KHECCPF2H7L4,1.0,1.0,1.0,1.0,1.0,0.47708204,0.42573884,0.35468352,0.3772593,0.0017729803
305,2024-07-21 05:40:14,F2JUSIE66G54465P,1.0,1.0,1.0,1.0,1.0,0.44611964,0.4099616,0.3635634,0.35968265,0.0015955172
890,2024-08-27 14:19:51,F4ZKDATSWJ5PMLPA,1.0,1.0,1.0,1.0,1.0,0.42750046,0.39626476,0.28592822,0.4119024,0.0009403227
1369,2024-08-20 10:42:24,F6BJF5UYUZEOF33B,1.0,1.0,1.0,1.0,1.0,0.4333108,0.4063215,0.28372052,0.40593612,0.0009853324
909,2024-05-23 21:20:39,FABI54526LIP52TL,1.0,1.0,1.0,1.0,1.0,0.47203332,0.394714,0.35831064,0.4046571,0.0012488335
1649,2024-07-11 09:17:15,FMM3QUVAR3U2BAZV,1.0,1.0,1.0,1.0,1.0,0.45733595,0.40403423,0.32918712,0.4153254,0.00088187825
1766,2024-11-17 19:42:45,FR6LPETO2WXERXNQ,1.0,1.0,1.0,1.0,1.0,0.45866647,0.41110277,0.318939,0.38386732,0.001020467
244,2024-12-11 10:44:09,FX4HZT56SEVUG3NX,1.0,1.0,1.0,1.0,1.0,0.47043717,0.41894853,0.3504883,0.41802335,0.0015319783
774,2024-09-13 07:00:00,FY2DQDRP7VPBHXP3,1.0,1.0,1.0,1.0,1.0,0.4584163,0.40067813,0.3661396,0.39955756,0.0011680496
957,2024-06-08 09:00:00,FZHCEG6OQGKYJKYF,1.0,1.0,1.0,1.0,1.0,0.44174764,0.40238714,0.3984532,0.36462373,0.0021000777
344,2024-07-30 03:00:00,G7HFQ7THTLSFFUFF,1.0,1.0,1.0,1.0,1.0,0.43558377,0.40627924,0.2983185,0.4227711,0.0010167912
1795,2024-03-11 09:23:43,GA2VL55LNT7UXZSF,1.0,1.0,1.0,1.0,1.0,0.45338988,0.42334327,0.28753293,0.39872432,0.00072767655
477,2024-08-12 10:59:51,GFV4UOERW73YQA7S,1.0,1.0,1.0,1.0,1.0,0.44522437,0.41498694,0.3021002,0.3830967,0.00083109835
417,2024-03-26 07:00:07,GFX27C57BXMS3HBY,1.0,1.0,1.0,1.0,1.0,0.42740083,0.40502062,0.28671312,0.40326285,0.0009282067
1924,2024-10-17 10:29:35,GILHEQ7CRVFQYEC7,1.0,1.0,1.0,1.0,1.0,0.44968224,0.39936063,0.33854324,0.40964538,0.0009778824
761,2024-11-13 05:53:15,GJ6SLIUZXBTEFBD2,1.0,1.0,1.0,1.0,1.0,0.432827,0.40084654,0.29675314,0.41336828,0.00074099394
1901,2024-05-18 11:14:36,GKI7NYGCF4TP4HME,1.0,1.0,1.0,1.0,1.0,0.4402535,0.42304456,0.34634697,0.35879406,0.0017111951
1804,2024-05-19 15:14:14,GKI7NYGCF4TP4HME,1.0,1.0,1.0,1.0,1.0,0.43319398,0.40650222,0.30608734,0.3834764,0.0010089502
1285,2024-05-25 23:00:00,GKI7NYGCF4TP4HME,1.0,1.0,1.0,1.0,1.0,0.42875627,0.40309072,0.3047056,0.38796932,0.0006647189
1536,2024-05-14 01:00:00,GL2QDPH4ULYLPOFZ,1.0,1.0,1.0,1.0,1.0,0.38631707,0.38030666,0.31383014,0.3891719,0.0011453629
1573,2024-03-15 11:30:54,H2VNI476XEL5Q24F,1.0,1.0,1.0,1.0,1.0,0.47151425,0.4098457,0.35989207,0.40095708,0.0012187541
851,2024-10-01 07:07:47,H4BYGDZOC6MRC53R,1.0,1.0,1.0,1.0,1.0,0.43141803,0.4069227,0.2836034,0.40509695,0.000884033
179,2024-11-23 14:30:11,H4XR6NS25JDIH6YR,1.0,1.0,1.0,1.0,1.0,0.4784805,0.41653928,0.3528034,0.3839837,0.001367897
823,2024-02-06 21:00:00,H5627CYPRULANBIP,1.0,1.0,1.0,1.0,1.0,0.38832748,0.37267908,0.3169349,0.40771934,0.0012116357
1213,2024-08-15 17:00:00,H6YJIZXWMWMRWOQA,1.0,1.0,1.0,1.0,1.0,0.41567174,0.3804251,0.37370098,0.39923176,0.0013104662
1407,2024-05-04 00:00:25,HAN422OHK2A5P2C3,1.0,1.0,1.0,1.0,1.0,0.45875892,0.3917472,0.37033764,0.3913256,0.0013848679
85,2024-06-06 21:55:04,HDB7ZGL26VYRNHTF,1.0,1.0,1.0,1.0,1.0,0.45342365,0.39258355,0.34289563,0.42061704,0.0007853105
1154,2024-09-11 08:12:54,HKYNONFVZSGY7IOW,1.0,1.0,1.0,1.0,1.0,0.44499925,0.4052297,0.29409093,0.41622344,0.0007028685
298,2024-06-28 18:58:00,HO7IGXMYLOJTBXLE,1.0,1.0,1.0,1.0,1.0,0.47421977,0.42249084,0.3341853,0.38674176,0.0015149055
309,2024-07-04 21:57:58,HO7IGXMYLOJTBXLE,1.0,1.0,1.0,1.0,1.0,0.47581327,0.40066493,0.35743582,0.40593192,0.0012894458
844,2024-07-12 04:57:55,HO7IGXMYLOJTBXLE,1.0,1.0,1.0,1.0,1.0,0.47460386,0.4066837,0.35198286,0.39050844,0.0013575382
1372,2024-01-22 00:03:56,HPBDBGPV4CWFT2ZC,1.0,1.0,1.0,1.0,1.0,0.4458913,0.40535134,0.3090968,0.386214,0.0010000424
1163,2024-03-02 01:00:10,HUW6A3O2H4OTRBGW,1.0,1.0,1.0,1.0,1.0,0.4501988,0.4117317,0.32155854,0.38459906,0.001360553
607,2024-04-05 08:00:08,HUW6A3O2H4OTRBGW,1.0,1.0,1.0,1.0,1.0,0.48119637,0.4225737,0.3553246,0.38140023,0.0015812616
1466,2024-05-04 13:00:47,HXBTVNSEM3OLOBBW,1.0,1.0,1.0,1.0,1.0,0.47210127,0.415851,0.3615624,0.38102582,0.0014897808
1339,2024-08-23 15:40:08,HXRT22WMPJGHA43Y,1.0,1.0,1.0,1.0,1.0,0.4719526,0.40915784,0.35673958,0.40104797,0.0011390169
1493,2024-01-15 07:08:10,I4BNJGSQWOOEZDB7,1.0,1.0,1.0,1.0,1.0,0.44810098,0.41956684,0.28815895,0.39985162,0.000606138
220,2024-09-21 06:08:44,I55YVFI3EUKDRCS6,1.0,1.0,1.0,1.0,1.0,0.46097037,0.42812973,0.31767133,0.37484995,0.0012683468
240,2024-08-14 11:05:27,IBFRIAQSLL5RFVGO,1.0,1.0,1.0,1.0,1.0,0.43194905,0.3952296,0.30807877,0.41275686,0.000868973
83,2024-05-01 05:31:33,IJ5R54DXMXB6KYHN,1.0,1.0,1.0,1.0,1.0,0.42870197,0.39782175,0.30388102,0.404418,0.0009852361
790,2024-11-30 09:48:09,IM5K7OFSNSZT3ALI,1.0,1.0,1.0,1.0,1.0,0.46259597,0.41335598,0.37386987,0.37657556,0.0018534746
1158,2024-03-13 18:00:00,IQMKSGCVGGGV2BYL,1.0,1.0,1.0,1.0,1.0,0.39763948,0.36901325,0.3399634,0.40726468,0.0013059442
975,2024-02-27 11:15:30,IRHPYIBYYB3YLEVP,1.0,1.0,1.0,1.0,1.0,0.43173894,0.40426672,0.285385,0.4077031,0.00097259285
1327,2024-05-12 09:58:56,ISARCZIJJ3QWC5CY,1.0,1.0,1.0,1.0,1.0,0.4669225,0.4166684,0.34070626,0.37274623,0.0012306398
214,2024-07-28 08:58:28,IYLQRM76MF3QPCHD,1.0,1.0,1.0,1.0,1.0,0.466978,0.41691643,0.3416954,0.37185854,0.001311478
1119,2024-09-03 03:21:38,J7KQURFVQS6NOOIQ,1.0,1.0,1.0,1.0,1.0,0.42029464,0.40018547,0.28703147,0.4001181,0.0008377746
1831,2024-07-30 10:13:04,JA3MQI2FMISRECPG,1.0,1.0,1.0,1.0,1.0,0.43549773,0.40744218,0.28397682,0.40590626,0.001733143
1503,2024-10-16 13:10:23,JA3MQI2FMISRECPG,1.0,1.0,1.0,1.0,1.0,0.44677156,0.4015504,0.29769668,0.41813526,0.0007838628
1687,2024-06-03 03:31:56,JC2Y7G6VIPNHA76J,1.0,1.0,1.0,1.0,1.0,0.44532767,0.4090936,0.30614063,0.38416576,0.0009144032
1706,2024-05-01 22:59:24,JDCSHDV6THYRXOWX,1.0,1.0,1.0,1.0,1.0,0.43131912,0.38517168,0.31623435,0.42508134,0.00090174796
1022,2024-04-11 18:34:16,JFIR5RG2BT5M7KP3,1.0,1.0,1.0,1.0,1.0,0.4558406,0.39719233,0.33660358,0.41798744,0.00076147466
1155,2024-07-23 15:50:42,JFRSEJJEN3FAQQUR,1.0,1.0,1.0,1.0,1.0,0.4306863,0.39898846,0.28349537,0.4145436,0.0008631064
1847,2024-09-22 17:51:49,JJ3B2M5QUWNMKONU,1.0,1.0,1.0,1.0,1.0,0.45923054,0.41364807,0.32468572,0.38018012,0.0011279314
366,2024-09-01 03:00:00,JKLYX7OHE64LJS2G,1.0,1.0,1.0,1.0,1.0,0.4560306,0.40170032,0.35155717,0.37270096,0.0013461115
746,2024-09-27 00:00:00,JKLYX7OHE64LJS2G,1.0,1.0,1.0,1.0,1.0,0.4144227,0.3766023,0.3856788,0.40441144,0.001420265
1764,2024-08-01 16:10:13,JOBK7PMAREKMXRIH,1.0,1.0,1.0,1.0,1.0,0.41648105,0.38189307,0.3723385,0.3980302,0.00131449
1373,2024-08-14 15:53:04,JSM5YS4KVQUI5DQA,1.0,1.0,1.0,1.0,1.0,0.44507888,0.3981937,0.2992313,0.4207657,0.00080037385
1981,2024-04-20 15:37:37,JSWJ4N5ZN3SGCMDD,1.0,1.0,1.0,1.0,1.0,0.46371946,0.43235606,0.31116274,0.37738794,0.0008244484
1518,2024-05-17 09:36:26,JSWJ4N5ZN3SGCMDD,1.0,1.0,1.0,1.0,1.0,0.48369732,0.42475572,0.35271743,0.3822309,0.0015574348
559,2024-06-28 20:43:18,JW56PLVW6NM4LOXX,1.0,1.0,1.0,1.0,1.0,0.46608707,0.4005972,0.35901073,0.40091208,0.0010729333
873,2024-06-29 02:43:10,JW56PLVW6NM4LOXX,1.0,1.0,1.0,1.0,1.0,0.46670356,0.40055558,0.36031193,0.39214158,0.0011381084
1356,2024-09-17 09:10:48,JX2DMKSSK7GFASC5,1.0,1.0,1.0,1.0,1.0,0.40430722,0.38888696,0.3074749,0.3896089,0.0013802268
771,2024-08-02 10:31:15,JZWAF5UEWOIBFET5,1.0,1.0,1.0,1.0,1.0,0.4626891,0.40677026,0.36687768,0.39774457,0.0014317525
1392,2024-07-07 14:15:34,K5U7JQFRHCBZHCK3,1.0,1.0,1.0,1.0,1.0,0.46901065,0.41998115,0.32699373,0.37909883,0.0011319533
1052,2024-09-20 23:00:44,K7KMHY2LDOZ5TW3T,1.0,1.0,1.0,1.0,1.0,0.46713066,0.39740178,0.3603207,0.39792007,0.0012343816
603,2024-09-25 17:12:32,KD23GPIKFB6PLUUV,1.0,1.0,1.0,1.0,1.0,0.44095922,0.39299127,0.3023906,0.42306596,0.00083995727
1350,2024-02-24 17:36:25,KEBUY3HQS2XEC2CB,1.0,1.0,1.0,1.0,1.0,0.44682705,0.39890787,0.3698264,0.3764056,0.0016349885
1515,2024-11-16 05:59:10,KEIL7OAIS7XBC3TM,1.0,1.0,1.0,1.0,1.0,0.47103947,0.40830132,0.36014652,0.38743114,0.0010995825
910,2024-05-14 00:00:00,KG6BSEMRLMEA5BVD,1.0,1.0,1.0,1.0,1.0,0.41170838,0.39346603,0.29106387,0.40894392,0.0009569541
1446,2024-06-07 17:00:00,KJQ5HCEFIKJN5YJG,1.0,1.0,1.0,1.0,1.0,0.46024784,0.4180175,0.35893044,0.37450147,0.002089183
861,2024-07-03 05:00:00,KJQ5HCEFIKJN5YJG,1.0,1.0,1.0,1.0,1.0,0.4170192,0.3902008,0.37261054,0.40663216,0.0016868984
764,2024-07-30 18:01:51,KJTRXVCPLDSE2RZN,1.0,1.0,1.0,1.0,1.0,0.42147195,0.38823506,0.28780022,0.418832,0.00084736466
707,2024-11-05 16:32:46,KN7TY2WK7LZBT7WW,1.0,1.0,1.0,1.0,1.0,0.41746557,0.3842354,0.2900961,0.4178475,0.00091268896
1721,2024-10-11 13:42:36,KNJQ6HLRIT5FSP3J,1.0,1.0,1.0,1.0,1.0,0.45931402,0.40218595,0.3727236,0.39118338,0.0014068184
1251,2024-10-28 02:53:13,KTPAK6XXYOTSYEHA,1.0,1.0,1.0,1.0,1.0,0.4449444,0.4073563,0.30705905,0.3850485,0.0009333715
1601,2024-06-02 10:00:01,KTZEKGG7DTTADCNZ,1.0,1.0,1.0,1.0,1.0,0.47074553,0.4210878,0.3349945,0.3748095,0.0012003937
1455,2024-07-27 20:00:00,KUDTIJG57WRN6XPR,1.0,1.0,1.0,1.0,1.0,0.4664435,0.40366274,0.35316154,0.37986895,0.0012378036
1715,2024-08-11 01:00:11,KUDTIJG57WRN6XPR,1.0,1.0,1.0,1.0,1.0,0.45510736,0.39893192,0.35124356,0.37554106,0.0014233207
1929,2024-05-15 21:25:37,L6UFN3IJYOAEI45R,1.0,1.0,1.0,1.0,1.0,0.44351757,0.38610274,0.37375224,0.4205181,0.0020278268
1664,2024-04-06 18:00:00,L7KZR5YJSVI5XV2R,1.0,1.0,1.0,1.0,1.0,0.47038853,0.4108812,0.3564676,0.38072905,0.0013698769
749,2024-02-27 11:16:57,L7OPMK3YJNSOWHKB,1.0,1.0,1.0,1.0,1.0,0.43261638,0.40485442,0.2845222,0.40678093,0.0009883263
182,2024-11-03 18:33:47,LO2DJHG3PNFN3SC5,1.0,1.0,1.0,1.0,1.0,0.46121743,0.41306034,0.32050955,0.38293874,0.0010482257
1941,2024-05-01 14:19:53,LO3QZOBODSFHHR7D,1.0,1.0,1.0,1.0,1.0,0.42470944,0.38205263,0.31356686,0.41764972,0.0010940298
1863,2024-06-25 02:58:20,LV7AS6IW3F3FVNJY,1.0,1.0,1.0,1.0,1.0,0.4191112,0.3998172,0.28424397,0.40825638,0.00076009484
1473,2024-08-04 00:00:30,M43CDD72OLYFZQ7V,1.0,1.0,1.0,1.0,1.0,0.46888277,0.4040056,0.34116846,0.38244945,0.0011506409
428,2024-08-18 10:00:07,M56FVNZCEEOHBHHH,1.0,1.0,1.0,1.0,1.0,0.44532394,0.40886715,0.36108425,0.3630699,0.0016422402
1276,2024-08-14 23:41:55,M7NNITYS7FEDCBJB,1.0,1.0,1.0,1.0,1.0,0.46547619,0.39210287,0.35656902,0.4246313,0.0012960172
1436,2024-09-15 16:41:32,M7NNITYS7FEDCBJB,1.0,1.0,1.0,1.0,1.0,0.4436643,0.4126723,0.2942792,0.39534622,0.00084627996
1586,2024-11-01 17:19:15,M7V2MXKDQ26PKXA5,1.0,1.0,1.0,1.0,1.0,0.47054443,0.4062779,0.35624173,0.40136868,0.001067562
1255,2024-03-05 12:23:05,MCGPIHY5ISKHN6XX,1.0,1.0,1.0,1.0,1.0,0.42356932,0.39642236,0.2908986,0.40595025,0.0009977162
1003,2024-09-23 18:15:45,MGIWC2QS2YEZ4D34,1.0,1.0,1.0,1.0,1.0,0.43262732,0.40501788,0.29110447,0.39952677,0.0006717336
1268,2024-05-28 12:58:15,MT5JC5JW5G475BWD,1.0,1.0,1.0,1.0,1.0,0.43379885,0.40482453,0.28347474,0.4096885,0.0009315444
840,2024-05-11 04:00:00,MUW3PO7DBYPF4LIO,1.0,1.0,1.0,1.0,1.0,0.45659196,0.42862356,0.3045939,0.37776858,0.00096511346
1786,2024-05-24 14:00:00,MUW3PO7DBYPF4LIO,1.0,1.0,1.0,1.0,1.0,0.46080488,0.42417485,0.32597715,0.387611,0.0015214095
1915,2024-05-26 20:53:39,MUW3PO7DBYPF4LIO,1.0,1.0,1.0,1.0,1.0,0.4646345,0.43978724,0.28822374,0.38483524,0.00089408824
738,2024-04-26 01:00:00,MWCPETJZQWC2FZH4,1.0,1.0,1.0,1.0,1.0,0.42540014,0.37814465,0.37910378,0.40480363,0.0011387013
1787,2024-04-26 10:39:11,N55FXDWRHWIQKILH,1.0,1.0,1.0,1.0,1.0,0.45808598,0.4033102,0.36859575,0.39420474,0.0014581209
1917,2024-08-02 01:00:48,NCI6B6XS7DI65P7K,1.0,1.0,1.0,1.0,1.0,0.44861707,0.38747212,0.3573859,0.41338295,0.00093055057
1461,2024-08-27 17:00:55,NCI6B6XS7DI65P7K,1.0,1.0,1.0,1.0,1.0,0.42787135,0.39453715,0.2839084,0.41836023,0.000841725
1177,2024-08-29 13:29:13,NDTHOECSTGNTVLMM,1.0,1.0,1.0,1.0,1.0,0.45094913,0.39617926,0.33889827,0.41155505,0.000990738
225,2024-10-08 09:36:44,NFKBJZ23ORU3Z63W,1.0,1.0,1.0,1.0,1.0,0.4065433,0.39161628,0.3037493,0.39480305,0.0012005494
688,2024-09-10 12:25:56,NFSHRJMR453XH5RX,1.0,1.0,1.0,1.0,1.0,0.43379885,0.40482473,0.2834744,0.40968838,0.00093152834
1966,2024-08-18 12:35:50,NKWI4BC7JW3B64Q2,1.0,1.0,1.0,1.0,1.0,0.43979356,0.4178073,0.30375612,0.38177016,0.0014305065
14,2024-04-15 22:00:00,NRABJQX3A47BCXBU,1.0,1.0,1.0,1.0,1.0,0.41542405,0.3944839,0.29010293,0.4045411,0.00075189176
364,2024-03-12 23:18:08,NVUZTKKQ7JKJOGJO,1.0,1.0,1.0,1.0,1.0,0.4274694,0.39525953,0.28463224,0.42402908,0.0007931715
1483,2024-09-07 08:37:19,NVV35E24UBA2BFO4,1.0,1.0,1.0,1.0,1.0,0.46426708,0.41555098,0.37235403,0.37570778,0.0017699309
1443,2024-09-09 10:30:00,NYPZK37NQEGIBFMY,1.0,1.0,1.0,1.0,1.0,0.44796616,0.41743726,0.30008262,0.3850094,0.00083253667
927,2024-11-17 11:59:40,OERNAEVXEHX4HYOI,1.0,1.0,1.0,1.0,1.0,0.4718716,0.4220003,0.33210433,0.37630227,0.0011400685
210,2024-07-16 18:39:18,OI4Q34LL4LZWXDJJ,1.0,1.0,1.0,1.0,1.0,0.42647132,0.3925162,0.28420588,0.42031187,0.0008400249
145,2024-05-08 09:34:47,OMBSNJ5NOWF47V6N,1.0,1.0,1.0,1.0,1.0,0.44622862,0.40521595,0.29495382,0.4159801,0.0007296574
1183,2024-04-02 02:55:09,OPRKIKZJ5EW32PVJ,1.0,1.0,1.0,1.0,1.0,0.41300657,0.39490223,0.28770617,0.4044309,0.00089114753
677,2024-08-03 05:36:38,OUDQZ4EAJ22VT6NU,1.0,1.0,1.0,1.0,1.0,0.4642567,0.4111672,0.37169772,0.37695974,0.0014820225
1604,2024-07-09 05:51:03,OVNNA37H6XRY6CWN,1.0,1.0,1.0,1.0,1.0,0.42257053,0.4015946,0.28653038,0.40461364,0.00083338376
408,2024-08-24 07:58:55,P2XG6VSMTBR6GYJW,1.0,1.0,1.0,1.0,1.0,0.45119035,0.4033776,0.3884137,0.37103248,0.002089749
729,2024-06-27 13:00:00,P4D2RT42Y2HPJOG4,1.0,1.0,1.0,1.0,1.0,0.45509085,0.39989758,0.33568013,0.41107264,0.00096667977
142,2024-10-21 17:26:30,P75BQO3OKZ3NNYQ6,1.0,1.0,1.0,1.0,1.0,0.43533313,0.40711075,0.29210514,0.39745572,0.00066681235
751,2024-12-04 17:05:05,PMQKAAV7RXZHAB45,1.0,1.0,1.0,1.0,1.0,0.44276094,0.39445397,0.3013051,0.4241598,0.0008129841
1900,2024-03-08 14:13:59,POSJQJ5YUR52UAB4,1.0,1.0,1.0,1.0,1.0,0.46877956,0.40828082,0.36064956,0.39905846,0.0012150427
46,2024-09-25 02:09:50,PTOWWR2QNXT4RBKZ,1.0,1.0,1.0,1.0,1.0,0.4152938,0.39017892,0.29870227,0.41256946,0.0009830004
1925,2024-07-29 10:00:00,PVO27PJ46A6P7SFZ,1.0,1.0,1.0,1.0,1.0,0.41412076,0.396748,0.32705444,0.37097782,0.0011545821
670,2024-01-26 17:00:00,QDHYMPZALRUXAZ7R,1.0,1.0,1.0,1.0,1.0,0.45847094,0.39752388,0.3712566,0.39266002,0.0013618245
1803,2024-02-20 08:13:17,QINLKE4B4247AUEX,1.0,1.0,1.0,1.0,1.0,0.43464795,0.41059938,0.31754908,0.40734506,0.0011318809
1717,2024-11-23 01:20:50,QKLOIQA6DZ2TMCPS,1.0,1.0,1.0,1.0,1.0,0.4685235,0.39927557,0.35787106,0.39529526,0.0011216807
395,2024-07-19 13:00:00,QPGGQ3NP7PIKZBQN,1.0,1.0,1.0,1.0,1.0,0.44662446,0.39997825,0.38187823,0.3895486,0.0017275438
759,2024-05-27 01:44:45,QRID7S5BURGH5SEP,1.0,1.0,1.0,1.0,1.0,0.44165036,0.40253234,0.3102325,0.38469985,0.0010180369
902,2024-09-01 08:00:00,QUVUOMAE7S2HDY4G,1.0,1.0,1.0,1.0,1.0,0.45525655,0.40780446,0.352332,0.36475426,0.0013434327
1118,2024-07-10 06:43:59,R4LDZMPB4H726XWD,1.0,1.0,1.0,1.0,1.0,0.4383198,0.40283066,0.2937434,0.41531637,0.00072426494
1102,2024-05-02 14:23:07,RBOLYIX6LVK2X7XL,1.0,1.0,1.0,1.0,1.0,0.43828243,0.38773733,0.35162693,0.4092687,0.0012557342
587,2024-11-24 16:00:00,RBSZPA7YY24PPC3H,1.0,1.0,1.0,1.0,1.0,0.4644065,0.41377687,0.3249923,0.37791872,0.0011037138
1594,2024-08-17 04:11:24,RCA3NOLBD2SYUGZB,1.0,1.0,1.0,1.0,1.0,0.47105077,0.4059412,0.3584209,0.38981724,0.0010782611
1530,2024-03-27 22:49:13,RDAKWJPVU4IAZLYX,1.0,1.0,1.0,1.0,1.0,0.41303474,0.37659276,0.33769608,0.419053,0.0011400889
582,2024-08-01 05:51:36,RDOP3UUCB2ZCS2TU,1.0,1.0,1.0,1.0,1.0,0.44529253,0.39507642,0.32768315,0.4192497,0.0009734952
1142,2024-05-13 21:00:00,RE77VUEH3LRY4IP3,1.0,1.0,1.0,1.0,1.0,0.38269266,0.374462,0.3272173,0.38502213,0.0011179388
203,2024-08-04 06:02:27,RHQGQSXTOF3GRNNB,1.0,1.0,1.0,1.0,1.0,0.47052664,0.4163732,0.33728373,0.3751487,0.0011095202
1777,2024-08-07 04:02:21,RHQGQSXTOF3GRNNB,1.0,1.0,1.0,1.0,1.0,0.43582293,0.40089923,0.2898028,0.42002037,0.00067250145
1117,2024-11-09 22:04:56,S4HT4F65JFIWTTKV,1.0,1.0,1.0,1.0,1.0,0.43768108,0.41174343,0.302273,0.3904903,0.0006183959
429,2024-11-19 18:04:31,S4HT4F65JFIWTTKV,1.0,1.0,1.0,1.0,1.0,0.45016295,0.41321474,0.31142363,0.42396274,0.0009335825
1716,2024-11-22 04:00:00,S5ULGSXBK7OFZYQ5,1.0,1.0,1.0,1.0,1.0,0.4529754,0.39152429,0.35819903,0.41099578,0.00089710724
207,2024-10-03 22:00:24,S7C2B474KELY76YL,1.0,1.0,1.0,1.0,1.0,0.45322096,0.39146814,0.34621075,0.42075738,0.00082712085
541,2024-03-29 09:01:02,S7HYDC7YWDENQEFP,1.0,1.0,1.0,1.0,1.0,0.4590938,0.40439522,0.36812496,0.39758345,0.0013437902
1018,2024-07-10 16:21:16,SMTA4HBUVZJOOYND,1.0,1.0,1.0,1.0,1.0,0.42292726,0.38356403,0.3160135,0.42594135,0.0010230115
779,2024-08-06 17:00:04,SNHDTZPFWX2S2EZD,1.0,1.0,1.0,1.0,1.0,0.42337412,0.39241645,0.2867362,0.4154457,0.0009036072
863,2024-08-25 06:19:31,SNKWUXZCVXCXTT75,1.0,1.0,1.0,1.0,1.0,0.4408673,0.4079295,0.3657972,0.35441732,0.001584233
926,2024-06-27 07:59:53,SNPCRLU6CDWOLBI5,1.0,1.0,1.0,1.0,1.0,0.45330498,0.40144816,0.32823008,0.41589555,0.00087110745
1671,2024-06-28 22:59:46,SPGBZ2CUF74T6DMK,1.0,1.0,1.0,1.0,1.0,0.46725425,0.39801183,0.3586129,0.3996767,0.0011420839
666,2024-07-29 07:50:47,SQW3YK2ZSEYU5WXP,1.0,1.0,1.0,1.0,1.0,0.44603685,0.41408294,0.30524746,0.3814348,0.0009535664
352,2024-05-04 15:00:00,STKDHULDUWEDAXEI,1.0,1.0,1.0,1.0,1.0,0.4427492,0.4035586,0.3891142,0.36577755,0.0019778723
489,2024-08-15 09:01:05,STSAM35B55I4W7GP,1.0,1.0,1.0,1.0,1.0,0.44425708,0.3973188,0.33926782,0.40603468,0.0010658673
1784,2024-11-28 18:00:00,T4A57YWMMQUUG6KB,1.0,1.0,1.0,1.0,1.0,0.42144135,0.38192952,0.367573,0.40170056,0.0013487032
647,2024-06-16 12:01:12,T7W5IZ6FE4JAXJHY,1.0,1.0,1.0,1.0,1.0,0.46421263,0.41705063,0.33687246,0.37159157,0.0012733906
1060,2024-12-02 14:00:00,TBE32Q7W2UXUN2CK,1.0,1.0,1.0,1.0,1.0,0.4099668,0.39589208,0.32315892,0.37026113,0.0010271278
191,2024-10-07 18:29:20,TFEJ354KWULFMGCY,1.0,1.0,1.0,1.0,1.0,0.41580012,0.39523318,0.2993177,0.39729187,0.00071975304
712,2024-02-26 13:11:48,TFKGQ26JQLO4SDUP,1.0,1.0,1.0,1.0,1.0,0.44414136,0.4146106,0.29657334,0.3898097,0.0007029836
1840,2024-04-06 22:54:13,TOOJ2FG4BBICOXN6,1.0,1.0,1.0,1.0,1.0,0.46613398,0.40282375,0.34842235,0.38220263,0.0011774319
1752,2024-05-31 03:53:12,TPST7F4UHHDWA5XN,1.0,1.0,1.0,1.0,1.0,0.45750538,0.39398727,0.35414582,0.41301984,0.0008070601
290,2024-09-09 16:00:00,UGM5J33C2CM4WGA6,1.0,1.0,1.0,1.0,1.0,0.41749787,0.39715192,0.3013572,0.39599898,0.0007804427
769,2024-05-27 10:00:21,UI5M4EVMBYSQ67E4,1.0,1.0,1.0,1.0,1.0,0.4399646,0.40556267,0.30542272,0.4302546,0.0009692071
463,2024-06-15 19:00:00,UI5M4EVMBYSQ67E4,1.0,1.0,1.0,1.0,1.0,0.4598212,0.44202626,0.2967992,0.37646058,0.0013159093
1486,2024-08-27 21:00:00,UJR4PXWCWS4TTR7I,1.0,1.0,1.0,1.0,1.0,0.392514,0.36707276,0.31015676,0.41036695,0.0011064177
1092,2024-10-17 23:49:47,UOCXC4NHSGPGWDWS,1.0,1.0,1.0,1.0,1.0,0.44872007,0.38822165,0.3549909,0.4184906,0.00089069916
1544,2024-11-22 14:49:17,UPNUKC4KGKENW5WE,1.0,1.0,1.0,1.0,1.0,0.4722917,0.41011304,0.35725322,0.4011134,0.001165826
894,2024-03-02 23:00:00,V3KBF2UEOATMDYV6,1.0,1.0,1.0,1.0,1.0,0.46643487,0.40082568,0.34774482,0.3806577,0.0013225885
1760,2024-09-07 03:59:07,VELQVNGEGFVMY745,1.0,1.0,1.0,1.0,1.0,0.45167255,0.396426,0.37543902,0.3843092,0.0015082571
469,2024-09-10 04:59:07,VELQVNGEGFVMY745,1.0,1.0,1.0,1.0,1.0,0.41964516,0.39961967,0.2870412,0.40425494,0.00093360944
1065,2024-07-10 00:13:15,VFCX5RM564O5VDYA,1.0,1.0,1.0,1.0,1.0,0.4192605,0.39010337,0.29153186,0.42156923,0.0008800809
1914,2024-08-24 13:59:49,VFKFQKNOWH4MSLLU,1.0,1.0,1.0,1.0,1.0,0.47467268,0.41719764,0.36027515,0.38154945,0.0014733583
1686,2024-03-03 18:00:40,VFNTRMFXAED4DZOY,1.0,1.0,1.0,1.0,1.0,0.4606663,0.41231832,0.32097822,0.38227823,0.0010675192
1196,2024-12-02 00:00:04,VM5ETCNU6LUYWAI3,1.0,1.0,1.0,1.0,1.0,0.44491532,0.40401146,0.30984864,0.38496026,0.0010063981
1653,2024-08-30 08:24:50,VMRDWYTR2VIPN2I4,1.0,1.0,1.0,1.0,1.0,0.46788186,0.40733033,0.36080644,0.402507,0.0011544669
1982,2024-09-14 22:37:03,VMUXT2GZQNFWUJT3,1.0,1.0,1.0,1.0,1.0,0.4703806,0.40501454,0.34380922,0.38454458,0.0011060322
1171,2024-02-24 16:12:11,VODQYRQ42QAWW2IX,1.0,1.0,1.0,1.0,1.0,0.47616315,0.41528288,0.35220996,0.38470492,0.0013227401
843,2024-07-16 12:21:53,VPU37AZIQKPUYMMG,1.0,1.0,1.0,1.0,1.0,0.4559829,0.42027128,0.30991852,0.41327733,0.0011220418
1261,2024-07-29 18:21:22,VPU37AZIQKPUYMMG,1.0,1.0,1.0,1.0,1.0,0.42514056,0.3957681,0.2964228,0.41785693,0.0010972377
1388,2024-03-11 23:53:37,VZKLWG4I7KALBDH3,1.0,1.0,1.0,1.0,1.0,0.37760973,0.3763369,0.32095975,0.3915776,0.0012227452
993,2024-12-09 15:30:19,WNJYFABHQNRERDWT,1.0,1.0,1.0,1.0,1.0,0.4285729,0.39842883,0.2968543,0.39522985,0.00064470613
449,2024-07-16 02:12:43,WQLFEF6O6DCUICWX,1.0,1.0,1.0,1.0,1.0,0.4191112,0.3998172,0.28424397,0.40825638,0.00076009484
1342,2024-10-27 15:40:30,WQMEGO4F2OVHEHDT,1.0,1.0,1.0,1.0,1.0,0.4363108,0.40437558,0.30134863,0.39091986,0.0009622012
159,2024-11-08 16:00:00,WQMEGO4F2OVHEHDT,1.0,1.0,1.0,1.0,1.0,0.46653846,0.4216936,0.34811988,0.38059992,0.0018529537
1027,2024-12-16 10:38:14,WQMEGO4F2OVHEHDT,1.0,1.0,1.0,1.0,1.0,0.45349059,0.4231721,0.28736553,0.39906842,0.0007515309
1348,2024-08-02 16:58:40,WV3I3YXOG6P2BMMK,1.0,1.0,1.0,1.0,1.0,0.47134766,0.40785217,0.35638946,0.40113968,0.0011041058
1755,2024-08-10 04:32:53,WZEUDO52L4ORGZRG,1.0,1.0,1.0,1.0,1.0,0.466632,0.41295704,0.37106386,0.3752941,0.0016100464
1646,2024-07-03 16:14:03,X6CI6VVWZMP26OWD,1.0,1.0,1.0,1.0,1.0,0.44396046,0.3963284,0.3001859,0.42239502,0.0008080238
1534,2024-08-31 10:39:24,X6SAOSTCMNQEZY7M,1.0,1.0,1.0,1.0,1.0,0.47900814,0.41908932,0.35854763,0.3849727,0.0013148932
849,2024-08-20 00:00:12,XFH6T4KEQOY32M7J,1.0,1.0,1.0,1.0,1.0,0.39809686,0.38658834,0.29882386,0.39875394,0.0009202794
1062,2024-07-16 18:43:08,XLPRWZGSJKM7VB75,1.0,1.0,1.0,1.0,1.0,0.4264759,0.39252803,0.28420103,0.42029035,0.00083978096
632,2024-07-21 18:59:46,XS2JRSRZ6AWFBDLG,1.0,1.0,1.0,1.0,1.0,0.45949587,0.41061884,0.322735,0.38113973,0.001083874
929,2024-10-17 06:00:00,XWNIFUSPTQAOHBQY,1.0,1.0,1.0,1.0,1.0,0.41022006,0.37952322,0.36387506,0.4001834,0.0013289583
622,2024-07-24 11:00:10,XZCMCDJXA327HVIT,1.0,1.0,1.0,1.0,1.0,0.4397636,0.40022215,0.30210775,0.41377577,0.000795101
460,2024-06-12 19:00:00,Y2HGBD5IHSFYZG3N,1.0,1.0,1.0,1.0,1.0,0.42781034,0.3852832,0.32230735,0.42825326,0.00097497075
1976,2024-05-20 14:00:24,Y4F5FNGFGOOVUXPX,1.0,1.0,1.0,1.0,1.0,0.42199865,0.40126428,0.3109255,0.380255,0.0008915594
872,2024-05-22 09:00:00,Y4F5FNGFGOOVUXPX,1.0,1.0,1.0,1.0,1.0,0.4258384,0.39360207,0.31034508,0.4062478,0.0010761411
1250,2024-04-15 09:00:00,Y6N42WZ74L7NRWBV,1.0,1.0,1.0,1.0,1.0,0.44246972,0.41277164,0.30578402,0.37972265,0.0009503355
332,2024-04-12 04:06:34,YFSSK4YILMNDWPQE,1.0,1.0,1.0,1.0,1.0,0.4625924,0.40216005,0.3565342,0.3795515,0.0017558723
310,2024-08-12 20:04:43,YFSSK4YILMNDWPQE,1.0,0.0,0.0,1.0,1.0,0.44711456,0.43344596,0.30413908,0.39500353,0.0012158796
1088,2024-08-16 03:00:00,YFSSK4YILMNDWPQE,1.0,1.0,1.0,1.0,1.0,0.47169283,0.40900537,0.35115552,0.38249508,0.0016629826
750,2024-06-10 04:00:00,YHFXZSENN2SJ3R2S,1.0,1.0,1.0,1.0,1.0,0.41107336,0.39001632,0.34030074,0.3671928,0.0012969137
1136,2024-10-21 17:29:49,YJNWBWVO6QOHDVX6,1.0,1.0,1.0,1.0,1.0,0.43110365,0.40339443,0.2943395,0.39836577,0.00071342604
1932,2024-01-22 08:46:53,YM4I6O6UKPELPINW,1.0,1.0,1.0,1.0,1.0,0.45063615,0.42138457,0.28793883,0.3990598,0.0006462991
1,2024-12-02 07:37:13,YMYJGAQBOFYQTGZW,1.0,1.0,1.0,1.0,1.0,0.44734642,0.41579103,0.30345622,0.3809043,0.00092959905
448,2024-07-16 10:07:53,YNVDGMGY575Z2BPJ,1.0,1.0,1.0,1.0,1.0,0.43436977,0.40708616,0.28363913,0.40711984,0.0009663856
590,2024-04-01 07:03:24,YOTLOWNEF5MQ6VT7,1.0,1.0,1.0,1.0,1.0,0.4483005,0.41605198,0.3031115,0.38213676,0.0009307651
372,2024-06-09 13:09:20,YQ4TCR4LZ2FMVPDC,1.0,1.0,1.0,1.0,1.0,0.46199045,0.41733566,0.33534628,0.37326568,0.0011925759
1087,2024-08-13 01:07:10,YQ4TCR4LZ2FMVPDC,1.0,1.0,1.0,1.0,1.0,0.41574976,0.39703223,0.28577897,0.40734074,0.0008073432
333,2024-08-11 08:00:00,YSLMFVEN3ITTS6BX,1.0,1.0,1.0,1.0,1.0,0.44975504,0.40822026,0.35874522,0.36316106,0.0015631733
788,2024-05-08 01:27:01,YSVQKYSURVF6O3U4,1.0,1.0,1.0,1.0,1.0,0.42891747,0.3974638,0.289745,0.4182828,0.00075402873
495,2024-07-19 09:51:37,YT3L7LQKSMDHKWCI,1.0,1.0,1.0,1.0,1.0,0.46632436,0.4069333,0.36193874,0.40297422,0.0011814323
339,2024-11-18 06:32:14,YTDAUN7ZZEBA2IXE,1.0,1.0,1.0,1.0,1.0,0.4469544,0.41898665,0.28825212,0.4002213,0.00059134
1709,2024-11-26 08:00:00,YTDAUN7ZZEBA2IXE,1.0,1.0,1.0,1.0,1.0,0.41500515,0.4032839,0.33721426,0.39769018,0.0017503733
1093,2024-04-17 17:01:34,YU5MSA5ZRSZB5JYP,1.0,1.0,1.0,1.0,1.0,0.4703327,0.41012588,0.35064778,0.4215068,0.001367594
1249,2024-08-23 04:01:15,YUDNNVYSXPS37JX2,1.0,1.0,1.0,1.0,1.0,0.47460386,0.4066837,0.35198286,0.39050844,0.0013575382
691,2024-09-01 02:00:54,YUDNNVYSXPS37JX2,1.0,1.0,1.0,1.0,1.0,0.42865312,0.40932316,0.29784477,0.39216763,0.00074306095
598,2024-09-12 21:00:00,YV5AKADKHKLNAQY2,1.0,1.0,1.0,1.0,1.0,0.4126642,0.37547028,0.38141108,0.40397835,0.0013502912
676,2024-09-15 04:00:00,YV5AKADKHKLNAQY2,1.0,1.0,1.0,1.0,1.0,0.43255574,0.3940975,0.3776549,0.35809955,0.0016936499
2,2024-08-22 07:48:52,YVKE6USNJLCWI5KN,1.0,1.0,1.0,1.0,1.0,0.4511089,0.4001748,0.3291515,0.4148414,0.0009348406
1048,2024-03-13 18:00:57,YW5O2XRLQIDJJXYU,1.0,1.0,1.0,1.0,1.0,0.43314993,0.38891342,0.30873838,0.4246593,0.00092528894
595,2024-10-07 12:00:19,YY3N3PCJMRAZAW5X,1.0,1.0,1.0,1.0,1.0,0.45327833,0.4225895,0.2864535,0.40117243,0.000831334
1179,2024-07-26 22:00:00,ZBHV64EGQ35BKOZH,1.0,1.0,1.0,1.0,1.0,0.44415632,0.38651228,0.3841906,0.38735902,0.0016120842
236,2024-12-01 10:32:18,ZDXSF76G6IASCNO2,1.0,1.0,1.0,1.0,1.0,0.45134693,0.42518678,0.2960786,0.38339564,0.0010885978
523,2024-12-01 17:32:22,ZDXSF76G6IASCNO2,1.0,1.0,1.0,1.0,1.0,0.44240168,0.4110421,0.29427603,0.39657253,0.00082468014
1226,2024-01-23 04:59:54,ZLJDC7RM36TRFHVK,1.0,1.0,1.0,1.0,1.0,0.41765192,0.39967638,0.28847563,0.40120018,0.0008264829
1880,2024-09-28 03:54:56,ZPUWE5M463CEYXPA,1.0,1.0,1.0,1.0,1.0,0.46978533,0.4032338,0.35803375,0.39154062,0.0010763773
320,2024-03-03 21:00:33,ZQ4X3LGD2XEV4F4Q,1.0,1.0,1.0,1.0,1.0,0.41560644,0.38782135,0.30846858,0.39750272,0.00094269903
948,2024-08-31 02:05:48,ZV5YHW3XOSRC5KBA,1.0,1.0,1.0,1.0,1.0,0.46695533,0.4000522,0.35966396,0.3927109,0.0011064892
